{
   "mean": [3.735813521060345, -23.526959904250266],
   "std": [0.288631523438454, 26.577791042819808]
}